id,kind,title,anchor,verification,authority
SONNENHAFEN-001,control_point,CP00 — Startaufstellung — Control-Point-Koordinate,CP00,"Vergleiche den Katalogpunkt exakt mit x=0 m, y=1.8 m, z=72 m; keine Pack-seitige Spline darf ihn ersetzen.",scripts/games/kart_tracks.gd:definition().points
SONNENHAFEN-002,control_point,CP01 — Stadionbogen — Control-Point-Koordinate,CP01,"Vergleiche den Katalogpunkt exakt mit x=42 m, y=2.2 m, z=69 m; keine Pack-seitige Spline darf ihn ersetzen.",scripts/games/kart_tracks.gd:definition().points
SONNENHAFEN-003,control_point,CP02 — Küsten-S — Control-Point-Koordinate,CP02,"Vergleiche den Katalogpunkt exakt mit x=77 m, y=3.8 m, z=49 m; keine Pack-seitige Spline darf ihn ersetzen.",scripts/games/kart_tracks.gd:definition().points
SONNENHAFEN-004,control_point,CP03 — Klippenanstieg — Control-Point-Koordinate,CP03,"Vergleiche den Katalogpunkt exakt mit x=94 m, y=7 m, z=19 m; keine Pack-seitige Spline darf ihn ersetzen.",scripts/games/kart_tracks.gd:definition().points
SONNENHAFEN-005,control_point,CP04 — Lighthouse-Hairpin — Control-Point-Koordinate,CP04,"Vergleiche den Katalogpunkt exakt mit x=78 m, y=12.5 m, z=-8 m; keine Pack-seitige Spline darf ihn ersetzen.",scripts/games/kart_tracks.gd:definition().points
SONNENHAFEN-006,control_point,CP05 — Nordkante — Control-Point-Koordinate,CP05,"Vergleiche den Katalogpunkt exakt mit x=94 m, y=15.5 m, z=-43 m; keine Pack-seitige Spline darf ihn ersetzen.",scripts/games/kart_tracks.gd:definition().points
SONNENHAFEN-007,control_point,CP06 — Waterfront-Sweep — Control-Point-Koordinate,CP06,"Vergleiche den Katalogpunkt exakt mit x=67 m, y=13 m, z=-78 m; keine Pack-seitige Spline darf ihn ersetzen.",scripts/games/kart_tracks.gd:definition().points
SONNENHAFEN-008,control_point,CP07 — Pier-Zufahrt — Control-Point-Koordinate,CP07,"Vergleiche den Katalogpunkt exakt mit x=31 m, y=8 m, z=-91 m; keine Pack-seitige Spline darf ihn ersetzen.",scripts/games/kart_tracks.gd:definition().points
SONNENHAFEN-009,control_point,CP08 — Klippenbogen — Control-Point-Koordinate,CP08,"Vergleiche den Katalogpunkt exakt mit x=2 m, y=5.5 m, z=-70 m; keine Pack-seitige Spline darf ihn ersetzen.",scripts/games/kart_tracks.gd:definition().points
SONNENHAFEN-010,control_point,CP09 — Hafenabfahrt — Control-Point-Koordinate,CP09,"Vergleiche den Katalogpunkt exakt mit x=-24 m, y=7 m, z=-86 m; keine Pack-seitige Spline darf ihn ersetzen.",scripts/games/kart_tracks.gd:definition().points
SONNENHAFEN-011,control_point,CP10 — Fährkanal — Control-Point-Koordinate,CP10,"Vergleiche den Katalogpunkt exakt mit x=-61 m, y=10 m, z=-77 m; keine Pack-seitige Spline darf ihn ersetzen.",scripts/games/kart_tracks.gd:definition().points
SONNENHAFEN-012,control_point,CP11 — Zielbogen — Control-Point-Koordinate,CP11,"Vergleiche den Katalogpunkt exakt mit x=-89 m, y=14.5 m, z=-48 m; keine Pack-seitige Spline darf ihn ersetzen.",scripts/games/kart_tracks.gd:definition().points
SONNENHAFEN-013,control_point,CP12 — Küstenrücklauf — Control-Point-Koordinate,CP12,"Vergleiche den Katalogpunkt exakt mit x=-84 m, y=18 m, z=-13 m; keine Pack-seitige Spline darf ihn ersetzen.",scripts/games/kart_tracks.gd:definition().points
SONNENHAFEN-014,control_point,CP13 — Hafenrampe — Control-Point-Koordinate,CP13,"Vergleiche den Katalogpunkt exakt mit x=-55 m, y=19 m, z=12 m; keine Pack-seitige Spline darf ihn ersetzen.",scripts/games/kart_tracks.gd:definition().points
SONNENHAFEN-015,control_point,CP14 — Südklippe — Control-Point-Koordinate,CP14,"Vergleiche den Katalogpunkt exakt mit x=-78 m, y=13 m, z=43 m; keine Pack-seitige Spline darf ihn ersetzen.",scripts/games/kart_tracks.gd:definition().points
SONNENHAFEN-016,control_point,CP15 — Stadionrückseite — Control-Point-Koordinate,CP15,"Vergleiche den Katalogpunkt exakt mit x=-50 m, y=7.5 m, z=70 m; keine Pack-seitige Spline darf ihn ersetzen.",scripts/games/kart_tracks.gd:definition().points
SONNENHAFEN-017,control_point,CP16 — Startgerade — Control-Point-Koordinate,CP16,"Vergleiche den Katalogpunkt exakt mit x=-18 m, y=3.2 m, z=80 m; keine Pack-seitige Spline darf ihn ersetzen.",scripts/games/kart_tracks.gd:definition().points
SONNENHAFEN-018,centerline_segment,Centerline-Sektor CP00 → CP01 — Breite und Übergang,CP00→CP01,Sample den gesamten vorhandenen Catmull-Rom/Bézier-Sektor zwischen Startaufstellung und Stadionbogen; Belag bleibt 10.8 m breit und Tangente wechselt ohne sichtbaren Sprung.,kart_world.gd:_make_curve + _road
SONNENHAFEN-019,centerline_segment,Centerline-Sektor CP01 → CP02 — Breite und Übergang,CP01→CP02,Sample den gesamten vorhandenen Catmull-Rom/Bézier-Sektor zwischen Stadionbogen und Küsten-S; Belag bleibt 10.8 m breit und Tangente wechselt ohne sichtbaren Sprung.,kart_world.gd:_make_curve + _road
SONNENHAFEN-020,centerline_segment,Centerline-Sektor CP02 → CP03 — Breite und Übergang,CP02→CP03,Sample den gesamten vorhandenen Catmull-Rom/Bézier-Sektor zwischen Küsten-S und Klippenanstieg; Belag bleibt 10.8 m breit und Tangente wechselt ohne sichtbaren Sprung.,kart_world.gd:_make_curve + _road
SONNENHAFEN-021,centerline_segment,Centerline-Sektor CP03 → CP04 — Breite und Übergang,CP03→CP04,Sample den gesamten vorhandenen Catmull-Rom/Bézier-Sektor zwischen Klippenanstieg und Lighthouse-Hairpin; Belag bleibt 10.8 m breit und Tangente wechselt ohne sichtbaren Sprung.,kart_world.gd:_make_curve + _road
SONNENHAFEN-022,centerline_segment,Centerline-Sektor CP04 → CP05 — Breite und Übergang,CP04→CP05,Sample den gesamten vorhandenen Catmull-Rom/Bézier-Sektor zwischen Lighthouse-Hairpin und Nordkante; Belag bleibt 10.8 m breit und Tangente wechselt ohne sichtbaren Sprung.,kart_world.gd:_make_curve + _road
SONNENHAFEN-023,centerline_segment,Centerline-Sektor CP05 → CP06 — Breite und Übergang,CP05→CP06,Sample den gesamten vorhandenen Catmull-Rom/Bézier-Sektor zwischen Nordkante und Waterfront-Sweep; Belag bleibt 10.8 m breit und Tangente wechselt ohne sichtbaren Sprung.,kart_world.gd:_make_curve + _road
SONNENHAFEN-024,centerline_segment,Centerline-Sektor CP06 → CP07 — Breite und Übergang,CP06→CP07,Sample den gesamten vorhandenen Catmull-Rom/Bézier-Sektor zwischen Waterfront-Sweep und Pier-Zufahrt; Belag bleibt 10.8 m breit und Tangente wechselt ohne sichtbaren Sprung.,kart_world.gd:_make_curve + _road
SONNENHAFEN-025,centerline_segment,Centerline-Sektor CP07 → CP08 — Breite und Übergang,CP07→CP08,Sample den gesamten vorhandenen Catmull-Rom/Bézier-Sektor zwischen Pier-Zufahrt und Klippenbogen; Belag bleibt 10.8 m breit und Tangente wechselt ohne sichtbaren Sprung.,kart_world.gd:_make_curve + _road
SONNENHAFEN-026,centerline_segment,Centerline-Sektor CP08 → CP09 — Breite und Übergang,CP08→CP09,Sample den gesamten vorhandenen Catmull-Rom/Bézier-Sektor zwischen Klippenbogen und Hafenabfahrt; Belag bleibt 10.8 m breit und Tangente wechselt ohne sichtbaren Sprung.,kart_world.gd:_make_curve + _road
SONNENHAFEN-027,centerline_segment,Centerline-Sektor CP09 → CP10 — Breite und Übergang,CP09→CP10,Sample den gesamten vorhandenen Catmull-Rom/Bézier-Sektor zwischen Hafenabfahrt und Fährkanal; Belag bleibt 10.8 m breit und Tangente wechselt ohne sichtbaren Sprung.,kart_world.gd:_make_curve + _road
SONNENHAFEN-028,centerline_segment,Centerline-Sektor CP10 → CP11 — Breite und Übergang,CP10→CP11,Sample den gesamten vorhandenen Catmull-Rom/Bézier-Sektor zwischen Fährkanal und Zielbogen; Belag bleibt 10.8 m breit und Tangente wechselt ohne sichtbaren Sprung.,kart_world.gd:_make_curve + _road
SONNENHAFEN-029,centerline_segment,Centerline-Sektor CP11 → CP12 — Breite und Übergang,CP11→CP12,Sample den gesamten vorhandenen Catmull-Rom/Bézier-Sektor zwischen Zielbogen und Küstenrücklauf; Belag bleibt 10.8 m breit und Tangente wechselt ohne sichtbaren Sprung.,kart_world.gd:_make_curve + _road
SONNENHAFEN-030,centerline_segment,Centerline-Sektor CP12 → CP13 — Breite und Übergang,CP12→CP13,Sample den gesamten vorhandenen Catmull-Rom/Bézier-Sektor zwischen Küstenrücklauf und Hafenrampe; Belag bleibt 10.8 m breit und Tangente wechselt ohne sichtbaren Sprung.,kart_world.gd:_make_curve + _road
SONNENHAFEN-031,centerline_segment,Centerline-Sektor CP13 → CP14 — Breite und Übergang,CP13→CP14,Sample den gesamten vorhandenen Catmull-Rom/Bézier-Sektor zwischen Hafenrampe und Südklippe; Belag bleibt 10.8 m breit und Tangente wechselt ohne sichtbaren Sprung.,kart_world.gd:_make_curve + _road
SONNENHAFEN-032,centerline_segment,Centerline-Sektor CP14 → CP15 — Breite und Übergang,CP14→CP15,Sample den gesamten vorhandenen Catmull-Rom/Bézier-Sektor zwischen Südklippe und Stadionrückseite; Belag bleibt 10.8 m breit und Tangente wechselt ohne sichtbaren Sprung.,kart_world.gd:_make_curve + _road
SONNENHAFEN-033,centerline_segment,Centerline-Sektor CP15 → CP16 — Breite und Übergang,CP15→CP16,Sample den gesamten vorhandenen Catmull-Rom/Bézier-Sektor zwischen Stadionrückseite und Startgerade; Belag bleibt 10.8 m breit und Tangente wechselt ohne sichtbaren Sprung.,kart_world.gd:_make_curve + _road
SONNENHAFEN-034,centerline_segment,Centerline-Sektor CP16 → CP00 — Breite und Übergang,CP16→CP00,Sample den gesamten vorhandenen Catmull-Rom/Bézier-Sektor zwischen Startgerade und Startaufstellung; Belag bleibt 10.8 m breit und Tangente wechselt ohne sichtbaren Sprung.,kart_world.gd:_make_curve + _road
SONNENHAFEN-035,checkpoint_respawn,Checkpoint 1 — 1/8 Routenintervall und Respawn,0.000 track fraction,Leite den Kontrollpunkt bei 0.000×track_length aus checkpoint_positions ab; Reset bleibt im zugehörigen Achtel und respektiert bei Himmelsinseln jump_layout().,kart_world.gd:_make_curve + kart_island.gd:_reset_kart
SONNENHAFEN-036,checkpoint_respawn,Checkpoint 2 — 1/8 Routenintervall und Respawn,0.125 track fraction,Leite den Kontrollpunkt bei 0.125×track_length aus checkpoint_positions ab; Reset bleibt im zugehörigen Achtel und respektiert bei Himmelsinseln jump_layout().,kart_world.gd:_make_curve + kart_island.gd:_reset_kart
SONNENHAFEN-037,checkpoint_respawn,Checkpoint 3 — 1/8 Routenintervall und Respawn,0.250 track fraction,Leite den Kontrollpunkt bei 0.250×track_length aus checkpoint_positions ab; Reset bleibt im zugehörigen Achtel und respektiert bei Himmelsinseln jump_layout().,kart_world.gd:_make_curve + kart_island.gd:_reset_kart
SONNENHAFEN-038,checkpoint_respawn,Checkpoint 4 — 1/8 Routenintervall und Respawn,0.375 track fraction,Leite den Kontrollpunkt bei 0.375×track_length aus checkpoint_positions ab; Reset bleibt im zugehörigen Achtel und respektiert bei Himmelsinseln jump_layout().,kart_world.gd:_make_curve + kart_island.gd:_reset_kart
SONNENHAFEN-039,checkpoint_respawn,Checkpoint 5 — 1/8 Routenintervall und Respawn,0.500 track fraction,Leite den Kontrollpunkt bei 0.500×track_length aus checkpoint_positions ab; Reset bleibt im zugehörigen Achtel und respektiert bei Himmelsinseln jump_layout().,kart_world.gd:_make_curve + kart_island.gd:_reset_kart
SONNENHAFEN-040,checkpoint_respawn,Checkpoint 6 — 1/8 Routenintervall und Respawn,0.625 track fraction,Leite den Kontrollpunkt bei 0.625×track_length aus checkpoint_positions ab; Reset bleibt im zugehörigen Achtel und respektiert bei Himmelsinseln jump_layout().,kart_world.gd:_make_curve + kart_island.gd:_reset_kart
SONNENHAFEN-041,checkpoint_respawn,Checkpoint 7 — 1/8 Routenintervall und Respawn,0.750 track fraction,Leite den Kontrollpunkt bei 0.750×track_length aus checkpoint_positions ab; Reset bleibt im zugehörigen Achtel und respektiert bei Himmelsinseln jump_layout().,kart_world.gd:_make_curve + kart_island.gd:_reset_kart
SONNENHAFEN-042,checkpoint_respawn,Checkpoint 8 — 1/8 Routenintervall und Respawn,0.875 track fraction,Leite den Kontrollpunkt bei 0.875×track_length aus checkpoint_positions ab; Reset bleibt im zugehörigen Achtel und respektiert bei Himmelsinseln jump_layout().,kart_world.gd:_make_curve + kart_island.gd:_reset_kart
SONNENHAFEN-043,signature_setpiece,LUMO GRAND PRIX Starttor — Abnahmepunkt 1,0.000 track fraction / start_gate,Prüfe Querträgerbreite 13.7 m gegen 10.8-m-Fahrbahn plus Seitenraum.,kart_world.gd:_arch + _grid_boxes
SONNENHAFEN-044,signature_setpiece,LUMO GRAND PRIX Starttor — Abnahmepunkt 2,0.000 track fraction / start_gate,Prüfe 6 Grid-Reihen mit 2 versetzten Startspuren und 2.35-m-Längsabstand.,kart_world.gd:_arch + _grid_boxes
SONNENHAFEN-045,signature_setpiece,LUMO GRAND PRIX Starttor — Abnahmepunkt 3,0.000 track fraction / start_gate,Prüfe lesbare Vorwärts- und Rückseitenbeschriftung im 0-m-Routenanker.,kart_world.gd:_arch + _grid_boxes
SONNENHAFEN-046,signature_setpiece,Stadiongerade mit Doppeltribünen — Abnahmepunkt 1,0.035 track fraction / stadium_straight,Prüfe je Tribüne 4 Sitzterrassen mit 0.72-m-Höhenstufe.,kart_world.gd:_start_grandstand
SONNENHAFEN-047,signature_setpiece,Stadiongerade mit Doppeltribünen — Abnahmepunkt 2,0.035 track fraction / stadium_straight,Prüfe Crowd als 4×18 Instanzpunkte je Tribüne statt Einzelschatten.,kart_world.gd:_start_grandstand
SONNENHAFEN-048,signature_setpiece,Stadiongerade mit Doppeltribünen — Abnahmepunkt 3,0.035 track fraction / stadium_straight,Prüfe Dachspannweite 19.2 m und freie Sicht auf die 10.8-m-Startbahn.,kart_world.gd:_start_grandstand
SONNENHAFEN-049,signature_setpiece,Klippen-S-Kurve — Abnahmepunkt 1,0.170 track fraction / cliff_s_bend,Prüfe äußere Felskante mindestens 10.3 m seitlich ab Centerline.,kart_world.gd:_terraced_cliffs
SONNENHAFEN-050,signature_setpiece,Klippen-S-Kurve — Abnahmepunkt 2,0.170 track fraction / cliff_s_bend,Prüfe 3 Höhenstaffeln mit 2.15-m-Tierabstand und Baum-Silhouette.,kart_world.gd:_terraced_cliffs
SONNENHAFEN-051,signature_setpiece,Klippen-S-Kurve — Abnahmepunkt 3,0.170 track fraction / cliff_s_bend,Prüfe Richtungspfeile auf der Kurvenaußenseite bei 0.14 Rundenanteil.,kart_world.gd:_terraced_cliffs
SONNENHAFEN-052,signature_setpiece,Hafen-Hängebrücke — Abnahmepunkt 1,0.295 track fraction / harbor_suspension_bridge,Prüfe Brückenspannweite 37 m um den 0.295-Routenanker.,kart_world.gd:_suspension_bridge
SONNENHAFEN-053,signature_setpiece,Hafen-Hängebrücke — Abnahmepunkt 2,0.295 track fraction / harbor_suspension_bridge,Prüfe 19 Kabelsegmente pro Seite auf durchgängige Hänger ohne Fahrbahn-Collision.,kart_world.gd:_suspension_bridge
SONNENHAFEN-054,signature_setpiece,Hafen-Hängebrücke — Abnahmepunkt 3,0.295 track fraction / harbor_suspension_bridge,Prüfe Turmfüße bei ±6.55 m außerhalb der kartseitigen WALL_LATERAL-Grenze.,kart_world.gd:_suspension_bridge
SONNENHAFEN-055,signature_setpiece,Hafenabfahrt — Abnahmepunkt 1,0.390 track fraction / harbor_descent,Prüfe Centerline-Höhenabfall aus CP04/CP05 statt einer zweiten Abfahrtskurve.,kart_tracks.gd:CP03–CP05
SONNENHAFEN-056,signature_setpiece,Hafenabfahrt — Abnahmepunkt 2,0.390 track fraction / harbor_descent,Prüfe rot/weißen Curb-Wechsel im 1.4-m-Sampling des Road-Builders.,kart_tracks.gd:CP03–CP05
SONNENHAFEN-057,signature_setpiece,Hafenabfahrt — Abnahmepunkt 3,0.390 track fraction / harbor_descent,Prüfe Sichtlinie auf das Hafenbecken bei 0.39 Routenanteil ohne Tunnelüberdeckung.,kart_tracks.gd:CP03–CP05
SONNENHAFEN-058,signature_setpiece,Küsten-Wasserfallterrasse — Abnahmepunkt 1,0.585 track fraction / waterfall_terrace,Prüfe Wasserfall-Quadbreite 3.8 m und freies Sichtfenster vom Fahrer bei 0.585.,kart_world.gd:_coastal_waterfall_setpiece
SONNENHAFEN-059,signature_setpiece,Küsten-Wasserfallterrasse — Abnahmepunkt 2,0.585 track fraction / waterfall_terrace,Prüfe fünf Felsstufen auf anliegende Terrassen statt schwebender Einzelwand.,kart_world.gd:_coastal_waterfall_setpiece
SONNENHAFEN-060,signature_setpiece,Küsten-Wasserfallterrasse — Abnahmepunkt 3,0.585 track fraction / waterfall_terrace,Prüfe Wasserfall-Sprühpunkte ohne dynamische Schatten und ohne Fahrbahn-Kollision.,kart_world.gd:_coastal_waterfall_setpiece
SONNENHAFEN-061,signature_setpiece,Waterfront-Sweep — Abnahmepunkt 1,0.700 track fraction / waterfront_sweep,Prüfe zwei Längsdashes bei ±1.85 m auf durchgehende Sicht aus Fahrerhöhe.,kart_world.gd:_grand_prix_lane_markings
SONNENHAFEN-062,signature_setpiece,Waterfront-Sweep — Abnahmepunkt 2,0.700 track fraction / waterfront_sweep,Prüfe Fahrbahnmitte mit 5.6-m-Dash-Rhythmus und 2.15-m-Markierungssegment.,kart_world.gd:_grand_prix_lane_markings
SONNENHAFEN-063,signature_setpiece,Waterfront-Sweep — Abnahmepunkt 3,0.700 track fraction / waterfront_sweep,Prüfe die äußere Kurvenseite mit drei 1.65-m-Chevron-Tafeln pro Marker.,kart_world.gd:_grand_prix_lane_markings
SONNENHAFEN-064,signature_setpiece,Leuchtturm-Haarnadel — Abnahmepunkt 1,0.760 track fraction / lighthouse_hairpin,Platziere Leuchtturm außerhalb des 6.05-m-Rail-Offsets und des 10.8-m-Belags.,kart_tracks.gd:CP12–CP15
SONNENHAFEN-065,signature_setpiece,Leuchtturm-Haarnadel — Abnahmepunkt 2,0.760 track fraction / lighthouse_hairpin,Authoring-Ziel: 24-m-Turm plus 3-m-Lichtkopf bleibt innerhalb Horizont-Silhouette.,kart_tracks.gd:CP12–CP15
SONNENHAFEN-066,signature_setpiece,Leuchtturm-Haarnadel — Abnahmepunkt 3,0.760 track fraction / lighthouse_hairpin,"Verifiziere den Hairpin-Radius gegen die bestehende Control-Point-Kurve, nicht per Ersatzspline.",kart_tracks.gd:CP12–CP15
SONNENHAFEN-067,signature_setpiece,Pier-Tunnel — Abnahmepunkt 1,0.820 track fraction / pier_tunnel,Setze den 24-m-Tunnel entlang der bestehenden CP14→CP16-Fahrtrichtung.,kart_tracks.gd:CP14–CP16
SONNENHAFEN-068,signature_setpiece,Pier-Tunnel — Abnahmepunkt 2,0.820 track fraction / pier_tunnel,Prüfe 8-m lichte Höhe über der 10.8-m-Fahrbahn für Chase-Kamera und Rivalen.,kart_tracks.gd:CP14–CP16
SONNENHAFEN-069,signature_setpiece,Pier-Tunnel — Abnahmepunkt 3,0.820 track fraction / pier_tunnel,Kollision bleibt aus einfachen Tunnelrippen; Deko-Meshes erhalten keine Vollflächen-Kollision.,kart_tracks.gd:CP14–CP16
SONNENHAFEN-070,signature_setpiece,Seabreeze Loop — Abnahmepunkt 1,0.880 track fraction / seabreeze_loop,Authoring-Mittelradius 12 m und Fahrbahnbreite 10.8 m dokumentieren.,authoring guide: 2026-10-06 full_loop geometry
SONNENHAFEN-071,signature_setpiece,Seabreeze Loop — Abnahmepunkt 2,0.880 track fraction / seabreeze_loop,Status bleibt planned_requires_inverted_physics bis 360°-Player-/AI-/Respawn-Vertrag besteht.,authoring guide: 2026-10-06 full_loop geometry
SONNENHAFEN-072,signature_setpiece,Seabreeze Loop — Abnahmepunkt 3,0.880 track fraction / seabreeze_loop,"Keine Runtime-Spline, Kollision oder Cup-Verknüpfung vor allen sechs Inversions-Gates.",authoring guide: 2026-10-06 full_loop geometry
SONNENHAFEN-073,mystery_prism,Lumo Mystery Prism 1 — Position und Fangradius,"0.18 track fraction, lateral -2.7 m","Prüfe Runtime-Zone bei 0.18×track_length und Spur -2.7 m; Pickupdistanz bleibt unter 2.0 m, dieselbe Zone nur einmal pro Runde.",kart_island.gd:item_layout + _item_box + _track_events
SONNENHAFEN-074,mystery_prism,Lumo Mystery Prism 1 — Core-Item-Vertrag,MP-01,"Erlaube ausschließlich boost, shield und pulse; kontrolliere Slot-Leerheit vor Zuweisung und ordne Chancen nach Fahrerplatz statt durch Streckenteleport.",TRACK_DEVELOPER_PACK_SPEC.md:Mystery-Item-System
SONNENHAFEN-075,mystery_prism,Lumo Mystery Prism 2 — Position und Fangradius,"0.34 track fraction, lateral +2.7 m","Prüfe Runtime-Zone bei 0.34×track_length und Spur +2.7 m; Pickupdistanz bleibt unter 2.0 m, dieselbe Zone nur einmal pro Runde.",kart_island.gd:item_layout + _item_box + _track_events
SONNENHAFEN-076,mystery_prism,Lumo Mystery Prism 2 — Core-Item-Vertrag,MP-02,"Erlaube ausschließlich boost, shield und pulse; kontrolliere Slot-Leerheit vor Zuweisung und ordne Chancen nach Fahrerplatz statt durch Streckenteleport.",TRACK_DEVELOPER_PACK_SPEC.md:Mystery-Item-System
SONNENHAFEN-077,mystery_prism,Lumo Mystery Prism 3 — Position und Fangradius,"0.53 track fraction, lateral +0.0 m","Prüfe Runtime-Zone bei 0.53×track_length und Spur +0.0 m; Pickupdistanz bleibt unter 2.0 m, dieselbe Zone nur einmal pro Runde.",kart_island.gd:item_layout + _item_box + _track_events
SONNENHAFEN-078,mystery_prism,Lumo Mystery Prism 3 — Core-Item-Vertrag,MP-03,"Erlaube ausschließlich boost, shield und pulse; kontrolliere Slot-Leerheit vor Zuweisung und ordne Chancen nach Fahrerplatz statt durch Streckenteleport.",TRACK_DEVELOPER_PACK_SPEC.md:Mystery-Item-System
SONNENHAFEN-079,mystery_prism,Lumo Mystery Prism 4 — Position und Fangradius,"0.69 track fraction, lateral -2.7 m","Prüfe Runtime-Zone bei 0.69×track_length und Spur -2.7 m; Pickupdistanz bleibt unter 2.0 m, dieselbe Zone nur einmal pro Runde.",kart_island.gd:item_layout + _item_box + _track_events
SONNENHAFEN-080,mystery_prism,Lumo Mystery Prism 4 — Core-Item-Vertrag,MP-04,"Erlaube ausschließlich boost, shield und pulse; kontrolliere Slot-Leerheit vor Zuweisung und ordne Chancen nach Fahrerplatz statt durch Streckenteleport.",TRACK_DEVELOPER_PACK_SPEC.md:Mystery-Item-System
SONNENHAFEN-081,mystery_prism,Lumo Mystery Prism 5 — Position und Fangradius,"0.86 track fraction, lateral +2.7 m","Prüfe Runtime-Zone bei 0.86×track_length und Spur +2.7 m; Pickupdistanz bleibt unter 2.0 m, dieselbe Zone nur einmal pro Runde.",kart_island.gd:item_layout + _item_box + _track_events
SONNENHAFEN-082,mystery_prism,Lumo Mystery Prism 5 — Core-Item-Vertrag,MP-05,"Erlaube ausschließlich boost, shield und pulse; kontrolliere Slot-Leerheit vor Zuweisung und ordne Chancen nach Fahrerplatz statt durch Streckenteleport.",TRACK_DEVELOPER_PACK_SPEC.md:Mystery-Item-System
SONNENHAFEN-083,ai_racing_line,"KI-Linie 1 — Sektoranker, Zieltempo und Überholkorridor","0.050 track fraction, lane -3.0 m","Verifiziere Racing-Line-Anker bei 0.050, Zieltempo 44 km/h als Authoring-Ziel, mindestens 1.4 m seitliche Überholreserve und dieselbe Centerline wie der Spieler.",kart_world.gd:position_at + kart_island.gd:_update_opponents
SONNENHAFEN-084,ai_racing_line,"KI-Linie 2 — Sektoranker, Zieltempo und Überholkorridor","0.150 track fraction, lane +3.0 m","Verifiziere Racing-Line-Anker bei 0.150, Zieltempo 50 km/h als Authoring-Ziel, mindestens 1.4 m seitliche Überholreserve und dieselbe Centerline wie der Spieler.",kart_world.gd:position_at + kart_island.gd:_update_opponents
SONNENHAFEN-085,ai_racing_line,"KI-Linie 3 — Sektoranker, Zieltempo und Überholkorridor","0.250 track fraction, lane -3.0 m","Verifiziere Racing-Line-Anker bei 0.250, Zieltempo 56 km/h als Authoring-Ziel, mindestens 1.4 m seitliche Überholreserve und dieselbe Centerline wie der Spieler.",kart_world.gd:position_at + kart_island.gd:_update_opponents
SONNENHAFEN-086,ai_racing_line,"KI-Linie 4 — Sektoranker, Zieltempo und Überholkorridor","0.350 track fraction, lane +3.0 m","Verifiziere Racing-Line-Anker bei 0.350, Zieltempo 48 km/h als Authoring-Ziel, mindestens 1.4 m seitliche Überholreserve und dieselbe Centerline wie der Spieler.",kart_world.gd:position_at + kart_island.gd:_update_opponents
SONNENHAFEN-087,ai_racing_line,"KI-Linie 5 — Sektoranker, Zieltempo und Überholkorridor","0.450 track fraction, lane -3.0 m","Verifiziere Racing-Line-Anker bei 0.450, Zieltempo 62 km/h als Authoring-Ziel, mindestens 1.4 m seitliche Überholreserve und dieselbe Centerline wie der Spieler.",kart_world.gd:position_at + kart_island.gd:_update_opponents
SONNENHAFEN-088,ai_racing_line,"KI-Linie 6 — Sektoranker, Zieltempo und Überholkorridor","0.550 track fraction, lane +3.0 m","Verifiziere Racing-Line-Anker bei 0.550, Zieltempo 52 km/h als Authoring-Ziel, mindestens 1.4 m seitliche Überholreserve und dieselbe Centerline wie der Spieler.",kart_world.gd:position_at + kart_island.gd:_update_opponents
SONNENHAFEN-089,ai_racing_line,"KI-Linie 7 — Sektoranker, Zieltempo und Überholkorridor","0.650 track fraction, lane -3.0 m","Verifiziere Racing-Line-Anker bei 0.650, Zieltempo 60 km/h als Authoring-Ziel, mindestens 1.4 m seitliche Überholreserve und dieselbe Centerline wie der Spieler.",kart_world.gd:position_at + kart_island.gd:_update_opponents
SONNENHAFEN-090,ai_racing_line,"KI-Linie 8 — Sektoranker, Zieltempo und Überholkorridor","0.750 track fraction, lane +3.0 m","Verifiziere Racing-Line-Anker bei 0.750, Zieltempo 46 km/h als Authoring-Ziel, mindestens 1.4 m seitliche Überholreserve und dieselbe Centerline wie der Spieler.",kart_world.gd:position_at + kart_island.gd:_update_opponents
SONNENHAFEN-091,ai_racing_line,"KI-Linie 9 — Sektoranker, Zieltempo und Überholkorridor","0.850 track fraction, lane -3.0 m","Verifiziere Racing-Line-Anker bei 0.850, Zieltempo 58 km/h als Authoring-Ziel, mindestens 1.4 m seitliche Überholreserve und dieselbe Centerline wie der Spieler.",kart_world.gd:position_at + kart_island.gd:_update_opponents
SONNENHAFEN-092,ai_racing_line,"KI-Linie 10 — Sektoranker, Zieltempo und Überholkorridor","0.950 track fraction, lane +3.0 m","Verifiziere Racing-Line-Anker bei 0.950, Zieltempo 54 km/h als Authoring-Ziel, mindestens 1.4 m seitliche Überholreserve und dieselbe Centerline wie der Spieler.",kart_world.gd:position_at + kart_island.gd:_update_opponents
SONNENHAFEN-093,collision_qa,Collision-QA — Rail/Visual,road envelope / related setpiece,Prüfe sichtbare Rail bei ±6.05 m und Collision-Wall-Zentrum bei ±5.00 m; dokumentiere beide Maße getrennt.,"kart_world.gd:WIDTH, RAIL_LATERAL, WALL_LATERAL; kart_island.gd"
SONNENHAFEN-094,collision_qa,Collision-QA — Road width,road envelope / related setpiece,Prüfe 10.8-m-Fahrbahn einschließlich Randlinie; freie Fahrspur darf nicht durch Deko verengt werden.,"kart_world.gd:WIDTH, RAIL_LATERAL, WALL_LATERAL; kart_island.gd"
SONNENHAFEN-095,collision_qa,Collision-QA — Checkpoint seam,road envelope / related setpiece,Prüfe Trigger an Achtelgrenze und Loop-Seam ohne Doppelauslösung bei modulo track_length.,"kart_world.gd:WIDTH, RAIL_LATERAL, WALL_LATERAL; kart_island.gd"
SONNENHAFEN-096,collision_qa,Collision-QA — Item pickup,road envelope / related setpiece,Prüfe Lumo Mystery Prism Reichweite <2.0 m und pro-Lap-ID auf Mehrfachauslösung.,"kart_world.gd:WIDTH, RAIL_LATERAL, WALL_LATERAL; kart_island.gd"
SONNENHAFEN-097,collision_qa,Collision-QA — Deko separation,road envelope / related setpiece,Prüfe Setpiece-Deko gegen Rail-Abstand; nur ausdrücklich authorisierte Straßenmodule erhalten Collision.,"kart_world.gd:WIDTH, RAIL_LATERAL, WALL_LATERAL; kart_island.gd"
SONNENHAFEN-098,collision_qa,Collision-QA — Ramp landing,road envelope / related setpiece,"Prüfe Rampenanfang, Absprung und Landekorridor separat gegen Gap- und Reset-Puffer.","kart_world.gd:WIDTH, RAIL_LATERAL, WALL_LATERAL; kart_island.gd"
SONNENHAFEN-099,collision_qa,Collision-QA — Loop gate,road envelope / related setpiece,"Loop bleibt ohne Collision solange Upside-down Player, AI und Respawn nicht bestanden sind.","kart_world.gd:WIDTH, RAIL_LATERAL, WALL_LATERAL; kart_island.gd"
SONNENHAFEN-100,collision_qa,Collision-QA — Low-detail parity,road envelope / related setpiece,"Prüfe, dass Collision-/Checkpoint-/Item-Geometrie im Low-Detail-Profil identisch zur High-Stufe bleibt.","kart_world.gd:WIDTH, RAIL_LATERAL, WALL_LATERAL; kart_island.gd"
SONNENHAFEN-101,visual_material,Visual-QA — Asphalt,Sonnenhafen materials,Asphalt-Shader erhält den Track-Farbton und zeigt Centerline-Markierungen ohne Transparenzoverdraw.,scripts/games/kart_world.gd:material builders
SONNENHAFEN-102,visual_material,Visual-QA — Curb,Sonnenhafen materials,Curb-Segmente bleiben 0.48 m breit und alternieren als gut lesbares Rot/Weiß am Sonnenhafen.,scripts/games/kart_world.gd:material builders
SONNENHAFEN-103,visual_material,Visual-QA — Normal,Sonnenhafen materials,Berechne Terrain-Normalen nach Vertexfarben; prüfe Seitenflächen auf konsistente Beleuchtung.,scripts/games/kart_world.gd:material builders
SONNENHAFEN-104,visual_material,Visual-QA — Glow,Sonnenhafen materials,Leuchtmaterialien sind auf Landmark-Akzente begrenzt und überstrahlen weder Rails noch Item-Silhouette.,scripts/games/kart_world.gd:material builders
SONNENHAFEN-105,visual_material,Visual-QA — Fog,Sonnenhafen materials,Prüfe Hintergrundkontrast am Horizont; Rennbahn und Checkpoint-Fahnen bleiben im Nebel lesbar.,scripts/games/kart_world.gd:material builders
SONNENHAFEN-106,visual_material,Visual-QA — Camera scale,Sonnenhafen materials,Prüfe Setpiece-Silhouette aus Fahrer-Chase-Kamera und aus 55° Orbit-View.,scripts/games/kart_world.gd:material builders
SONNENHAFEN-107,visual_material,Visual-QA — Water/material,Sonnenhafen materials,"Wasserfall-/Wasserflächen bleiben separate Materialien mit Schatten aus, falls sie transparent sind.",scripts/games/kart_world.gd:material builders
SONNENHAFEN-108,visual_material,Visual-QA — Texture policy,Sonnenhafen materials,Pack-Geometrie nutzt vorhandene Materialien/Atlanten; keine neuen externen Bilder ohne Attribution.,scripts/games/kart_world.gd:material builders
SONNENHAFEN-109,performance_qa,Performance-QA — Crowds,Sonnenhafen,Crowd-/wiederholte Tribünenpunkte müssen über vorhandene Instance-Batches zusammengefasst sein.,TRACK_DEVELOPER_PACK_SPEC.md:Performance
SONNENHAFEN-110,performance_qa,Performance-QA — LOD0,Sonnenhafen,"LOD0 enthält Landmark-Silhouette und Streckenführung, nicht hunderte kleinteilige Schattenobjekte.",TRACK_DEVELOPER_PACK_SPEC.md:Performance
SONNENHAFEN-111,performance_qa,Performance-QA — LOD1,Sonnenhafen,"Low-Detail reduziert reine Dekoration; Centerline, Fahrbahn, Rail und Item-Zonen bleiben unverändert.",TRACK_DEVELOPER_PACK_SPEC.md:Performance
SONNENHAFEN-112,performance_qa,Performance-QA — Shadows,Sonnenhafen,"Hintergrundberge, transparente Wasserfälle und UI-nahe Prisms schalten unnötige Schatten ab.",TRACK_DEVELOPER_PACK_SPEC.md:Performance
SONNENHAFEN-113,performance_qa,Performance-QA — Materials,Sonnenhafen,Wiederholte Streckenteile referenzieren gemeinsame Materialinstanzen oder Atlas-Materialien.,TRACK_DEVELOPER_PACK_SPEC.md:Performance
SONNENHAFEN-114,performance_qa,Performance-QA — Transparent,Sonnenhafen,"Transparente/ additive VFX sind auf ausgewiesene Wasser-, Glow- und Prismflächen begrenzt.",TRACK_DEVELOPER_PACK_SPEC.md:Performance
SONNENHAFEN-115,performance_qa,Performance-QA — Collision budget,Sonnenhafen,Kollision verwendet einfache Rails/Trigger/Proxies; Deko-Vertices werden nicht als Mesh-Collider missbraucht.,TRACK_DEVELOPER_PACK_SPEC.md:Performance
SONNENHAFEN-116,performance_qa,Performance-QA — Frame target,Sonnenhafen,"60-FPS bleibt Zielbudget, aber kein Gerät-PASS ohne physische Messung.",TRACK_DEVELOPER_PACK_SPEC.md:Performance
SONNENHAFEN-117,geometry_authoring,Geometrie-Guide — road,Sonnenhafen,Die Straßenführung folgt ausschließlich kart_tracks.gd und kart_world.gd; Belagsbreite beträgt 10.8 m.,scripts/games/kart_world.gd + TRACK_DEVELOPER_PACK_SPEC.md:Looping-Sicherheitsregel
SONNENHAFEN-118,geometry_authoring,Geometrie-Guide — ramp,Sonnenhafen,Rampen werden als eigenes authoring mesh plus getrennte Collision-/Landing-Prüfung dokumentiert.,scripts/games/kart_world.gd + TRACK_DEVELOPER_PACK_SPEC.md:Looping-Sicherheitsregel
SONNENHAFEN-119,geometry_authoring,Geometrie-Guide — bridge,Sonnenhafen,Brücken verwenden die bestehende Centerline als Achse; Stützen liegen außerhalb des freien 10.8-m-Korridors.,scripts/games/kart_world.gd + TRACK_DEVELOPER_PACK_SPEC.md:Looping-Sicherheitsregel
SONNENHAFEN-120,geometry_authoring,Geometrie-Guide — tunnel,Sonnenhafen,"Tunnel definieren lichte Höhe/Breite, Randkollision und Kamera-Freiraum getrennt vom Deko-Vault.",scripts/games/kart_world.gd + TRACK_DEVELOPER_PACK_SPEC.md:Looping-Sicherheitsregel
SONNENHAFEN-121,geometry_authoring,Geometrie-Guide — full_loop,Sonnenhafen,Loop ist ein 360°-Authoringmodul; aktivierbarer Runtime-Track bleibt bis Inversionsvertrag gesperrt.,scripts/games/kart_world.gd + TRACK_DEVELOPER_PACK_SPEC.md:Looping-Sicherheitsregel
SONNENHAFEN-122,geometry_authoring,Geometrie-Guide — centerline,Sonnenhafen,Top-down-Mapping speichert Control Points in Metern und verweist auf vorhandene Runtime-Samplingregeln.,scripts/games/kart_world.gd + TRACK_DEVELOPER_PACK_SPEC.md:Looping-Sicherheitsregel
SONNENHAFEN-123,audio_vfx_qa,Audio-/VFX-QA — engine_audio,Sonnenhafen,Prüfe Motor-/Fahrbahn-Ambience über alle acht Sektoren ohne Lernfrage oder Antworttimer.,kart_island.gd + existing Lumo audio/VFX pipeline
SONNENHAFEN-124,audio_vfx_qa,Audio-/VFX-QA — setpiece_audio,Sonnenhafen,Signature-Audio cue beginnt am Setpiece-Anker und endet vor dem Folge-Checkpoint.,kart_island.gd + existing Lumo audio/VFX pipeline
SONNENHAFEN-125,audio_vfx_qa,Audio-/VFX-QA — item_audio,Sonnenhafen,Pickup-Sound signalisiert ein erworbenes Prism; Item-ID bleibt boost/shield/pulse.,kart_island.gd + existing Lumo audio/VFX pipeline
SONNENHAFEN-126,audio_vfx_qa,Audio-/VFX-QA — landing_vfx,Sonnenhafen,Sprung-Landeeffekt sitzt am bestehenden Gap-Landing; kein VFX verändert Kollisionshöhe.,kart_island.gd + existing Lumo audio/VFX pipeline
SONNENHAFEN-127,audio_vfx_qa,Audio-/VFX-QA — dust_vfx,Sonnenhafen,Staub/Partikel bleiben in der Fahrbahnzone und verdecken keine Pfeile oder Mystery Prisms.,kart_island.gd + existing Lumo audio/VFX pipeline
SONNENHAFEN-128,audio_vfx_qa,Audio-/VFX-QA — glow_vfx,Sonnenhafen,"Emissionspulse bleibt zeitlich begrenzt, ohne Screen-Space-Shader-Abhängigkeit für Mobile.",kart_island.gd + existing Lumo audio/VFX pipeline
SONNENHAFEN-129,audio_vfx_qa,Audio-/VFX-QA — camera_shake,Sonnenhafen,Kamerareaktion bleibt klein und deterministisch an realen Kontakt/Jump gebunden.,kart_island.gd + existing Lumo audio/VFX pipeline
SONNENHAFEN-130,audio_vfx_qa,Audio-/VFX-QA — audio_mix,Sonnenhafen,"Wasserfall/Stadt/Wald-Ambience ist leiser als Item-, Rail- und Checkpoint-Feedback.",kart_island.gd + existing Lumo audio/VFX pipeline
