id,route_fraction,lateral_m,target_speed_kmh,overtake_clearance_m,source
AI-01,0.05,-3.0,44,1.4,authoring target on existing centerline; not an alternate spline
AI-02,0.15,3.0,50,1.4,authoring target on existing centerline; not an alternate spline
AI-03,0.25,-3.0,56,1.4,authoring target on existing centerline; not an alternate spline
AI-04,0.35,3.0,48,1.4,authoring target on existing centerline; not an alternate spline
AI-05,0.45,-3.0,62,1.4,authoring target on existing centerline; not an alternate spline
AI-06,0.55,3.0,52,1.4,authoring target on existing centerline; not an alternate spline
AI-07,0.65,-3.0,60,1.4,authoring target on existing centerline; not an alternate spline
AI-08,0.75,3.0,46,1.4,authoring target on existing centerline; not an alternate spline
AI-09,0.85,-3.0,58,1.4,authoring target on existing centerline; not an alternate spline
AI-10,0.95,3.0,54,1.4,authoring target on existing centerline; not an alternate spline
