id,name,status,anchor_fraction,authority,dimensions_m,palette_role,handoff_notes
forest_entry_arch,Türkis-violetter Waldlichtbogen A,implemented,0.235,kart_world.gd:_forest_glow_arch,"{""x"": 14.2, ""y"": 14.0, ""z"": 0.34}",Türkis und Flieder in 8 Beam-Segmenten,"[""Prüfe Bogenradius 7.1 m und Scheitelhöhe 7.55 m ab Fahrbahn."", ""Prüfe acht leuchtende Balken plus zwei 2.2-m-Kristallfüße pro Portal."", ""Prüfe Durchfahrt bleibt optisch markiert und fügt keine Kollisionswand hinzu.""]"
mushroom_beacon_12,Kristall-/Pilz-Beacon 12%,implemented,0.12,kart_world.gd:_forest_reference_dressing,"{""x"": 17.2, ""y"": 5.5, ""z"": 3.0}","Türkis links, Flieder rechts, drei Low-count-Orbs","[""Prüfe Beacon-Paare bei ±8.6 m relativ zum Centerline-Anker."", ""Prüfe 1.7-m-Kristallhöhe und 1.05-m-Pilzkappe als Landmarkenmaß."", ""Prüfe optionale Orb-Gruppe existiert nur außerhalb des Low-Detail-Profils.""]"
mushroom_beacon_34,Kristall-/Pilz-Beacon 34%,implemented,0.34,kart_world.gd:_forest_reference_dressing,"{""x"": 17.2, ""y"": 5.5, ""z"": 3.0}","Türkis links, Flieder rechts","[""Prüfe Beacon-Mitte exakt bei 0.34 der vorhandenen Runde."", ""Prüfe Pilz steht 1.9 m längs versetzt und kollidiert nicht mit der 10.8-m-Bahn."", ""Prüfe Kontrast des violetten Seitenbeacons gegen dunkles Waldblau.""]"
root_tunnel,Baumtunnel,implemented,0.51,kart_world.gd:_tree_tunnel,"{""x"": 21.0, ""y"": 9.6, ""z"": 14.0}",Verzweigte Wurzeln und Moosdächer,"[""Prüfe vier Querrahmen mit 7-m-Längsabstand über den bestehenden Tunnelanker."", ""Prüfe höchste Kronenlage 9.6 m über Centerline-Boden."", ""Prüfe zwei seitliche Kristallmarker und Pilze bleiben außerhalb der Rails.""]"
crystal_glade,Pilzhain,implemented,0.72,kart_world.gd:_forest_reference_dressing,"{""x"": 22.4, ""y"": 4.7, ""z"": 9.0}","Zwei Pilzgrößen, moosiger Kronenring","[""Prüfe Hainanker bei 0.72 Runde und ±11.2 m seitlichem Abstand."", ""Prüfe Hauptpilzmaß 2.35 m sowie Begleitpilzmaß 1.55 m."", ""Prüfe Kronenfläche 3.8×3.2 m bleibt Dekoration außerhalb des Fahrbands.""]"
lichen_grove,LICHTERHAIN,implemented,0.63,kart_world.gd:_arch,"{""x"": 14.0, ""y"": 7.65, ""z"": 1.0}",Helles Cyan-Türkis über Waldasphalt,"[""Prüfe bestehendes Namensschild bleibt exakt LICHTERHAIN."", ""Prüfe Querträgerhöhe 6.9 m und seitliche Stützenposition ±6.48 m."", ""Prüfe das Setpiece sitzt bei 0.63 Rundenlänge auf der Bestands-Centerline.""]"
root_bridge,Wurzelbrücke,planned,0.405,kart_tracks.gd:CP03–CP05,"{""x"": 26.0, ""y"": 7.0, ""z"": 12.0}",Geflochtene Wurzelbögen mit Mooslicht,"[""Authoring-Start/Ende aus CP03 und CP05 der vorhandenen Zauberwald-Kurve ableiten."", ""Brückenbogen erhält 7-m-Mindestfreiraum oberhalb des 10.8-m-Belags."", ""Jede tragende Wurzel erhält eigenes ID-/Collision-QA-Element im Pack.""]"
crystal_cave_route,Kristallhöhlen-Seitenroute,planned,0.69,kart_tracks.gd:CP07–CP09,"{""x"": 34.0, ""y"": 8.0, ""z"": 10.8}","Fliederkristalle, türkisfarbene Höhlenlippe","[""Abzweig an 0.69 der bestehenden Centerline; keine zweite Kurskurve anlegen."", ""Seitenspur muss vor dem Checkpoint bei 0.75 wieder auf dieselbe Centerline führen."", ""Cave-Geometrie trennt Lichtmesh, Fahrbelag und einfache Collision-Proxy-Maße.""]"
canopy_ramp,Baumkronen-Rampe,planned,0.78,kart_tracks.gd:CP09–CP11,"{""x"": 7.0, ""y"": 1.8, ""z"": 10.8}",Lichtblätter markieren den Rampenscheitel,"[""Rampenkörper erhält 7-m-Länge und 1.8-m-Höhenziel als Authoring-Startwert."", ""Landekorridor endet innerhalb der bestehenden 0.875-Checkpoint-Sektion."", ""Respawn-QA deckt Rampe und Landefläche getrennt ab; vorerst nicht aktivieren.""]"
vine_loop,Vine Loop,planned_requires_inverted_physics,0.875,authoring guide: 2026-10-06 full_loop geometry,"{""x"": 12.0, ""y"": 24.0, ""z"": 10.8}",Violette Ranken auf türkisgrünem Loopdeck,"[""Authoring-Mittelradius 12 m und Fahrbahnbreite 10.8 m dokumentieren."", ""Status bleibt planned_requires_inverted_physics bis 360°-Player-/AI-/Respawn-Vertrag besteht."", ""Keine Runtime-Spline, Kollision oder Cup-Verknüpfung vor allen sechs Inversions-Gates.""]"
