index,id,label,x_m,y_m,z_m
0,CP00,NEXUS-Start,0.0,9.0,64.0
1,CP01,NOVA-LINK,45.0,9.0,57.0
2,CP02,Billboard-Canyon A,74.0,13.0,32.0
3,CP03,LUMO NEXUS,76.0,20.0,-5.0
4,CP04,Skyline-Knick,48.0,23.0,-24.0
5,CP05,Billboard-Canyon B,63.0,19.0,-58.0
6,CP06,AURORA-LINK,24.0,12.0,-75.0
7,CP07,Transitbogen,-12.0,11.0,-59.0
8,CP08,STAR CORE,-54.0,16.0,-69.0
9,CP09,Holo-Gate Süd,-79.0,22.0,-25.0
10,CP10,Neon-Hochfahrt,-55.0,18.0,4.0
11,CP11,NEXUS-Rücklauf,-76.0,11.0,34.0
12,CP12,Stadtportal,-39.0,9.0,64.0
