id,kind,target,camera,acceptance
BERGWELT-ORBIT-A000-E12,orbit,route_fraction:0.500,"{""azimuth_deg"": 0, ""distance_m"": 116, ""elevation_deg"": 12, ""projection"": ""perspective"", ""target_height_m"": 8.0}","Frame closed centerline, 10.8-m road and Himmelsinseln horizon at fixed azimuth/elevation; no crop hides route seam."
BERGWELT-ORBIT-A000-E30,orbit,route_fraction:0.500,"{""azimuth_deg"": 0, ""distance_m"": 116, ""elevation_deg"": 30, ""projection"": ""perspective"", ""target_height_m"": 8.0}","Frame closed centerline, 10.8-m road and Himmelsinseln horizon at fixed azimuth/elevation; no crop hides route seam."
BERGWELT-ORBIT-A000-E55,orbit,route_fraction:0.500,"{""azimuth_deg"": 0, ""distance_m"": 116, ""elevation_deg"": 55, ""projection"": ""perspective"", ""target_height_m"": 8.0}","Frame closed centerline, 10.8-m road and Himmelsinseln horizon at fixed azimuth/elevation; no crop hides route seam."
BERGWELT-ORBIT-A000-E75,orbit,route_fraction:0.500,"{""azimuth_deg"": 0, ""distance_m"": 116, ""elevation_deg"": 75, ""projection"": ""perspective"", ""target_height_m"": 8.0}","Frame closed centerline, 10.8-m road and Himmelsinseln horizon at fixed azimuth/elevation; no crop hides route seam."
BERGWELT-ORBIT-A045-E12,orbit,route_fraction:0.500,"{""azimuth_deg"": 45, ""distance_m"": 116, ""elevation_deg"": 12, ""projection"": ""perspective"", ""target_height_m"": 8.0}","Frame closed centerline, 10.8-m road and Himmelsinseln horizon at fixed azimuth/elevation; no crop hides route seam."
BERGWELT-ORBIT-A045-E30,orbit,route_fraction:0.500,"{""azimuth_deg"": 45, ""distance_m"": 116, ""elevation_deg"": 30, ""projection"": ""perspective"", ""target_height_m"": 8.0}","Frame closed centerline, 10.8-m road and Himmelsinseln horizon at fixed azimuth/elevation; no crop hides route seam."
BERGWELT-ORBIT-A045-E55,orbit,route_fraction:0.500,"{""azimuth_deg"": 45, ""distance_m"": 116, ""elevation_deg"": 55, ""projection"": ""perspective"", ""target_height_m"": 8.0}","Frame closed centerline, 10.8-m road and Himmelsinseln horizon at fixed azimuth/elevation; no crop hides route seam."
BERGWELT-ORBIT-A045-E75,orbit,route_fraction:0.500,"{""azimuth_deg"": 45, ""distance_m"": 116, ""elevation_deg"": 75, ""projection"": ""perspective"", ""target_height_m"": 8.0}","Frame closed centerline, 10.8-m road and Himmelsinseln horizon at fixed azimuth/elevation; no crop hides route seam."
BERGWELT-ORBIT-A090-E12,orbit,route_fraction:0.500,"{""azimuth_deg"": 90, ""distance_m"": 116, ""elevation_deg"": 12, ""projection"": ""perspective"", ""target_height_m"": 8.0}","Frame closed centerline, 10.8-m road and Himmelsinseln horizon at fixed azimuth/elevation; no crop hides route seam."
BERGWELT-ORBIT-A090-E30,orbit,route_fraction:0.500,"{""azimuth_deg"": 90, ""distance_m"": 116, ""elevation_deg"": 30, ""projection"": ""perspective"", ""target_height_m"": 8.0}","Frame closed centerline, 10.8-m road and Himmelsinseln horizon at fixed azimuth/elevation; no crop hides route seam."
BERGWELT-ORBIT-A090-E55,orbit,route_fraction:0.500,"{""azimuth_deg"": 90, ""distance_m"": 116, ""elevation_deg"": 55, ""projection"": ""perspective"", ""target_height_m"": 8.0}","Frame closed centerline, 10.8-m road and Himmelsinseln horizon at fixed azimuth/elevation; no crop hides route seam."
BERGWELT-ORBIT-A090-E75,orbit,route_fraction:0.500,"{""azimuth_deg"": 90, ""distance_m"": 116, ""elevation_deg"": 75, ""projection"": ""perspective"", ""target_height_m"": 8.0}","Frame closed centerline, 10.8-m road and Himmelsinseln horizon at fixed azimuth/elevation; no crop hides route seam."
BERGWELT-ORBIT-A135-E12,orbit,route_fraction:0.500,"{""azimuth_deg"": 135, ""distance_m"": 116, ""elevation_deg"": 12, ""projection"": ""perspective"", ""target_height_m"": 8.0}","Frame closed centerline, 10.8-m road and Himmelsinseln horizon at fixed azimuth/elevation; no crop hides route seam."
BERGWELT-ORBIT-A135-E30,orbit,route_fraction:0.500,"{""azimuth_deg"": 135, ""distance_m"": 116, ""elevation_deg"": 30, ""projection"": ""perspective"", ""target_height_m"": 8.0}","Frame closed centerline, 10.8-m road and Himmelsinseln horizon at fixed azimuth/elevation; no crop hides route seam."
BERGWELT-ORBIT-A135-E55,orbit,route_fraction:0.500,"{""azimuth_deg"": 135, ""distance_m"": 116, ""elevation_deg"": 55, ""projection"": ""perspective"", ""target_height_m"": 8.0}","Frame closed centerline, 10.8-m road and Himmelsinseln horizon at fixed azimuth/elevation; no crop hides route seam."
BERGWELT-ORBIT-A135-E75,orbit,route_fraction:0.500,"{""azimuth_deg"": 135, ""distance_m"": 116, ""elevation_deg"": 75, ""projection"": ""perspective"", ""target_height_m"": 8.0}","Frame closed centerline, 10.8-m road and Himmelsinseln horizon at fixed azimuth/elevation; no crop hides route seam."
BERGWELT-ORBIT-A180-E12,orbit,route_fraction:0.500,"{""azimuth_deg"": 180, ""distance_m"": 116, ""elevation_deg"": 12, ""projection"": ""perspective"", ""target_height_m"": 8.0}","Frame closed centerline, 10.8-m road and Himmelsinseln horizon at fixed azimuth/elevation; no crop hides route seam."
BERGWELT-ORBIT-A180-E30,orbit,route_fraction:0.500,"{""azimuth_deg"": 180, ""distance_m"": 116, ""elevation_deg"": 30, ""projection"": ""perspective"", ""target_height_m"": 8.0}","Frame closed centerline, 10.8-m road and Himmelsinseln horizon at fixed azimuth/elevation; no crop hides route seam."
BERGWELT-ORBIT-A180-E55,orbit,route_fraction:0.500,"{""azimuth_deg"": 180, ""distance_m"": 116, ""elevation_deg"": 55, ""projection"": ""perspective"", ""target_height_m"": 8.0}","Frame closed centerline, 10.8-m road and Himmelsinseln horizon at fixed azimuth/elevation; no crop hides route seam."
BERGWELT-ORBIT-A180-E75,orbit,route_fraction:0.500,"{""azimuth_deg"": 180, ""distance_m"": 116, ""elevation_deg"": 75, ""projection"": ""perspective"", ""target_height_m"": 8.0}","Frame closed centerline, 10.8-m road and Himmelsinseln horizon at fixed azimuth/elevation; no crop hides route seam."
BERGWELT-ORBIT-A225-E12,orbit,route_fraction:0.500,"{""azimuth_deg"": 225, ""distance_m"": 116, ""elevation_deg"": 12, ""projection"": ""perspective"", ""target_height_m"": 8.0}","Frame closed centerline, 10.8-m road and Himmelsinseln horizon at fixed azimuth/elevation; no crop hides route seam."
BERGWELT-ORBIT-A225-E30,orbit,route_fraction:0.500,"{""azimuth_deg"": 225, ""distance_m"": 116, ""elevation_deg"": 30, ""projection"": ""perspective"", ""target_height_m"": 8.0}","Frame closed centerline, 10.8-m road and Himmelsinseln horizon at fixed azimuth/elevation; no crop hides route seam."
BERGWELT-ORBIT-A225-E55,orbit,route_fraction:0.500,"{""azimuth_deg"": 225, ""distance_m"": 116, ""elevation_deg"": 55, ""projection"": ""perspective"", ""target_height_m"": 8.0}","Frame closed centerline, 10.8-m road and Himmelsinseln horizon at fixed azimuth/elevation; no crop hides route seam."
BERGWELT-ORBIT-A225-E75,orbit,route_fraction:0.500,"{""azimuth_deg"": 225, ""distance_m"": 116, ""elevation_deg"": 75, ""projection"": ""perspective"", ""target_height_m"": 8.0}","Frame closed centerline, 10.8-m road and Himmelsinseln horizon at fixed azimuth/elevation; no crop hides route seam."
BERGWELT-ORBIT-A270-E12,orbit,route_fraction:0.500,"{""azimuth_deg"": 270, ""distance_m"": 116, ""elevation_deg"": 12, ""projection"": ""perspective"", ""target_height_m"": 8.0}","Frame closed centerline, 10.8-m road and Himmelsinseln horizon at fixed azimuth/elevation; no crop hides route seam."
BERGWELT-ORBIT-A270-E30,orbit,route_fraction:0.500,"{""azimuth_deg"": 270, ""distance_m"": 116, ""elevation_deg"": 30, ""projection"": ""perspective"", ""target_height_m"": 8.0}","Frame closed centerline, 10.8-m road and Himmelsinseln horizon at fixed azimuth/elevation; no crop hides route seam."
BERGWELT-ORBIT-A270-E55,orbit,route_fraction:0.500,"{""azimuth_deg"": 270, ""distance_m"": 116, ""elevation_deg"": 55, ""projection"": ""perspective"", ""target_height_m"": 8.0}","Frame closed centerline, 10.8-m road and Himmelsinseln horizon at fixed azimuth/elevation; no crop hides route seam."
BERGWELT-ORBIT-A270-E75,orbit,route_fraction:0.500,"{""azimuth_deg"": 270, ""distance_m"": 116, ""elevation_deg"": 75, ""projection"": ""perspective"", ""target_height_m"": 8.0}","Frame closed centerline, 10.8-m road and Himmelsinseln horizon at fixed azimuth/elevation; no crop hides route seam."
BERGWELT-ORBIT-A315-E12,orbit,route_fraction:0.500,"{""azimuth_deg"": 315, ""distance_m"": 116, ""elevation_deg"": 12, ""projection"": ""perspective"", ""target_height_m"": 8.0}","Frame closed centerline, 10.8-m road and Himmelsinseln horizon at fixed azimuth/elevation; no crop hides route seam."
BERGWELT-ORBIT-A315-E30,orbit,route_fraction:0.500,"{""azimuth_deg"": 315, ""distance_m"": 116, ""elevation_deg"": 30, ""projection"": ""perspective"", ""target_height_m"": 8.0}","Frame closed centerline, 10.8-m road and Himmelsinseln horizon at fixed azimuth/elevation; no crop hides route seam."
BERGWELT-ORBIT-A315-E55,orbit,route_fraction:0.500,"{""azimuth_deg"": 315, ""distance_m"": 116, ""elevation_deg"": 55, ""projection"": ""perspective"", ""target_height_m"": 8.0}","Frame closed centerline, 10.8-m road and Himmelsinseln horizon at fixed azimuth/elevation; no crop hides route seam."
BERGWELT-ORBIT-A315-E75,orbit,route_fraction:0.500,"{""azimuth_deg"": 315, ""distance_m"": 116, ""elevation_deg"": 75, ""projection"": ""perspective"", ""target_height_m"": 8.0}","Frame closed centerline, 10.8-m road and Himmelsinseln horizon at fixed azimuth/elevation; no crop hides route seam."
BERGWELT-ORTHO-TOP,orthographic,route_centerline_bounds,"{""axis"": ""top"", ""orthographic_size_m"": 250, ""projection"": ""orthographic""}",Vollständige Himmelsinseln-Route inklusive aller 12 Control Points und Routenabschluss liegt im Bild.
BERGWELT-ORTHO-FRONT,orthographic,route_centerline_bounds,"{""axis"": ""front"", ""orthographic_size_m"": 250, ""projection"": ""orthographic""}",Vollständige Himmelsinseln-Route inklusive aller 12 Control Points und Routenabschluss liegt im Bild.
BERGWELT-ORTHO-LEFT,orthographic,route_centerline_bounds,"{""axis"": ""left"", ""orthographic_size_m"": 250, ""projection"": ""orthographic""}",Vollständige Himmelsinseln-Route inklusive aller 12 Control Points und Routenabschluss liegt im Bild.
BERGWELT-ORTHO-RIGHT,orthographic,route_centerline_bounds,"{""axis"": ""right"", ""orthographic_size_m"": 250, ""projection"": ""orthographic""}",Vollständige Himmelsinseln-Route inklusive aller 12 Control Points und Routenabschluss liegt im Bild.
BERGWELT-DRIVER-START,driver,route_fraction:0.000,"{""azimuth_deg"": 0, ""distance_m"": 9.0, ""elevation_deg"": 18, ""mode"": ""driver_chase"", ""projection"": ""perspective""}","Fahrerhöhe zeigt Fahrspur, nächste Leitmarkierung und seitliche Rail im start-Sektor."
BERGWELT-DRIVER-FIRST_TURN,driver,route_fraction:0.140,"{""azimuth_deg"": 0, ""distance_m"": 9.0, ""elevation_deg"": 18, ""mode"": ""driver_chase"", ""projection"": ""perspective""}","Fahrerhöhe zeigt Fahrspur, nächste Leitmarkierung und seitliche Rail im first_turn-Sektor."
BERGWELT-DRIVER-MIDDLE,driver,route_fraction:0.500,"{""azimuth_deg"": 0, ""distance_m"": 9.0, ""elevation_deg"": 18, ""mode"": ""driver_chase"", ""projection"": ""perspective""}","Fahrerhöhe zeigt Fahrspur, nächste Leitmarkierung und seitliche Rail im middle-Sektor."
BERGWELT-DRIVER-LAST_SECTOR,driver,route_fraction:0.875,"{""azimuth_deg"": 0, ""distance_m"": 9.0, ""elevation_deg"": 18, ""mode"": ""driver_chase"", ""projection"": ""perspective""}","Fahrerhöhe zeigt Fahrspur, nächste Leitmarkierung und seitliche Rail im last_sector-Sektor."
BERGWELT-SIGNATURE-FRONT,signature,setpiece:floating_island_chain,"{""distance_m"": 34, ""elevation_deg"": 24, ""projection"": ""perspective"", ""side"": ""front""}","Schwebende Himmelsinseln vollständig mit Zufahrt, Maßstab zur 10.8-m-Bahn und lesbarer Beschriftung erfasst."
BERGWELT-SIGNATURE-BACK,signature,setpiece:floating_island_chain,"{""distance_m"": 34, ""elevation_deg"": 24, ""projection"": ""perspective"", ""side"": ""back""}","Schwebende Himmelsinseln vollständig mit Zufahrt, Maßstab zur 10.8-m-Bahn und lesbarer Beschriftung erfasst."
BERGWELT-LOOP-SIDE,loop,setpiece:sky_halo_loop,"{""axis"": ""side"", ""distance_m"": 54, ""orthographic_size_m"": 58, ""projection"": ""orthographic""}","Geschlossene 360°-Mittelachse, 12-m-Radius, 10.8-m-Deck und authoring-only Status bleiben sichtbar."
BERGWELT-LOOP-TOP,loop,setpiece:sky_halo_loop,"{""axis"": ""top"", ""distance_m"": 54, ""orthographic_size_m"": 58, ""projection"": ""orthographic""}","Geschlossene 360°-Mittelachse, 12-m-Radius, 10.8-m-Deck und authoring-only Status bleiben sichtbar."
BERGWELT-ITEM-LANE,item_lane,mystery_prism_zones,"{""azimuth_deg"": 0, ""distance_m"": 12, ""elevation_deg"": 16, ""mode"": ""driver_chase"", ""projection"": ""perspective""}","Mindestens drei vorwärts sichtbare Lumo Mystery Prisms, Spurabstände und Pickup-Korridor sind erkennbar."
BERGWELT-SHORTCUT-ENTRY,shortcut_entry,signature_shortcut_or_ramp,"{""azimuth_deg"": 25, ""distance_m"": 30, ""elevation_deg"": 30, ""projection"": ""perspective""}","Abzweig/Rampe, Einfahrt, Landekorridor und Rückkehr auf bestehende Centerline sind gleichzeitig lesbar."
BERGWELT-AI-TOP,ai_debug,ai_racing_line,"{""axis"": ""top"", ""orthographic_size_m"": 150, ""projection"": ""orthographic""}","Zehn KI-Anker, seitliche Überholreserve und Fahrer-Referenzcenterline sind unterscheidbar."
BERGWELT-COLLISION-DEBUG,collision_debug,road_rail_checkpoint_item_collision,"{""axis"": ""top"", ""overlay"": ""collision_debug"", ""projection"": ""orthographic""}","10.8-m-Straße, ±6.05-m-Visualrail, ±5.0-m-Wall und Checkpoint-/Item-Triggergrenzen sind getrennt sichtbar."
